{"cameraMode":{"drawMode":0,"name":"Shaded","section":"Shading Mode"},"sceneLighting":true,"audioPlay":false,"sceneViewState":{"showFog":true,"showMaterialUpdate":true,"showSkybox":true,"showFlares":true,"showImageEffects":true,"showParticleSystems":true},"in2DMode":false,"pivot":{"x":-0.46016502380371096,"y":1.3567813634872437,"z":0.36719781160354617},"rotation":{"x":-0.025396155193448068,"y":0.7781898379325867,"z":-0.031533945351839069,"w":-0.6267225742340088},"size":34.50888442993164,"orthographic":false}